<fundacion alto="550" ancho="775" scorm="0">
  <pagina locked="0" id="1">
    <elemento colorFondo="-1" alfaFondo="100" imagen="galeria/fondos/Objetos/[_2_]Molinos_de_Viento.jpg" posy="0" posx="0" tipo="fondo" src="10"/>
    <elemento fondo="3394611" borde="vacio" alto_px="84.21" ancho_px="227" alto="100" ancho="100" rotation="0" posy="18" posx="255" tipo="texto" src="2"><![CDATA[<TEXTFORMAT LEADING="2"><P ALIGN="CENTER"><FONT FACE="Verdana" SIZE="18" COLOR="#0B333C" LETTERSPACING="0" KERNING="1"><B>TALLER DOS DE COMPETENCIAS  LECTORAS</B><FONT SIZE="12"></FONT></FONT></P></TEXTFORMAT>]]></elemento>
    <elemento fondo="10079232" borde="vacio" alto_px="136.45" ancho_px="453" alto="100" ancho="100" rotation="0" posy="409" posx="169" tipo="texto" src="2"><![CDATA[<TEXTFORMAT LEADING="2"><P ALIGN="CENTER"><FONT FACE="Verdana" SIZE="24" COLOR="#0B333C" LETTERSPACING="0" KERNING="1"><B>PRUEBO LA HABILIDAD QUE HE ADQUIRIDO EN COMPETENCIAS LECTORAS</B><FONT SIZE="12"></FONT></FONT></P></TEXTFORMAT>]]></elemento>
  </pagina>
  <pagina locked="0" id="1b"/>
  <pagina locked="0" id="2">
    <elemento colorFondo="-1" alfaFondo="100" imagen="galeria/fondos/Objetos/fondos/[_2_]fondo_003.jpg" posy="0" posx="0" tipo="fondo" src="10"/>
    <elemento fondo="13421823" borde="vacio" alto_px="530" ancho_px="755" alto="100" ancho="100" rotation="0" posy="9" posx="9" tipo="texto" src="2"><![CDATA[<TEXTFORMAT LEADING="2"><P ALIGN="CENTER"><FONT FACE="Verdana" SIZE="12" COLOR="#0B333C" LETTERSPACING="0" KERNING="1"></FONT></P></TEXTFORMAT><TEXTFORMAT LEADING="2"><P ALIGN="CENTER"><FONT FACE="Verdana" SIZE="12" COLOR="#0B333C" LETTERSPACING="0" KERNING="1"><B>La muerte</B></FONT></P></TEXTFORMAT><TEXTFORMAT LEADING="2"><P ALIGN="LEFT"><FONT FACE="Verdana" SIZE="12" COLOR="#0B333C" LETTERSPACING="0" KERNING="1"></FONT></P></TEXTFORMAT><TEXTFORMAT LEADING="2"><P ALIGN="LEFT"><FONT FACE="Verdana" SIZE="12" COLOR="#0B333C" LETTERSPACING="0" KERNING="1"></FONT></P></TEXTFORMAT><TEXTFORMAT LEADING="2"><P ALIGN="LEFT"><FONT FACE="Verdana" SIZE="12" COLOR="#0B333C" LETTERSPACING="0" KERNING="1"></FONT></P></TEXTFORMAT><TEXTFORMAT LEADING="2"><P ALIGN="LEFT"><FONT FACE="Verdana" SIZE="12" COLOR="#0B333C" LETTERSPACING="0" KERNING="1">La automovilista (negro el vestido, negro el pelo, negros los ojos pero con la cara tan pálida que a pesar</FONT></P></TEXTFORMAT><TEXTFORMAT LEADING="2"><P ALIGN="LEFT"><FONT FACE="Verdana" SIZE="12" COLOR="#0B333C" LETTERSPACING="0" KERNING="1">del mediodía parecía que en su tez se hubiese detenido un relámpago) vio en el camino a una muchacha</FONT></P></TEXTFORMAT><TEXTFORMAT LEADING="2"><P ALIGN="LEFT"><FONT FACE="Verdana" SIZE="12" COLOR="#0B333C" LETTERSPACING="0" KERNING="1">que hacía señas para que parara. Paró.</FONT></P></TEXTFORMAT><TEXTFORMAT LEADING="2"><P ALIGN="LEFT"><FONT FACE="Verdana" SIZE="12" COLOR="#0B333C" LETTERSPACING="0" KERNING="1">— ¿Me llevas? Hasta el pueblo no más— dijo la muchacha.</FONT></P></TEXTFORMAT><TEXTFORMAT LEADING="2"><P ALIGN="LEFT"><FONT FACE="Verdana" SIZE="12" COLOR="#0B333C" LETTERSPACING="0" KERNING="1">— Sube— dijo la automovilista. Y el auto arrancó a toda velocidad por el camino que bordeaba la montaña.</FONT></P></TEXTFORMAT><TEXTFORMAT LEADING="2"><P ALIGN="LEFT"><FONT FACE="Verdana" SIZE="12" COLOR="#0B333C" LETTERSPACING="0" KERNING="1">— Muchas gracias— dijo la muchacha con un gracioso mohín —pero ¿no tienes miedo de levantar por el</FONT></P></TEXTFORMAT><TEXTFORMAT LEADING="2"><P ALIGN="LEFT"><FONT FACE="Verdana" SIZE="12" COLOR="#0B333C" LETTERSPACING="0" KERNING="1">camino a personas desconocidas? Podrían hacerte daño. ¡Esto está tan desierto!</FONT></P></TEXTFORMAT><TEXTFORMAT LEADING="2"><P ALIGN="LEFT"><FONT FACE="Verdana" SIZE="12" COLOR="#0B333C" LETTERSPACING="0" KERNING="1">— No, no tengo miedo.</FONT></P></TEXTFORMAT><TEXTFORMAT LEADING="2"><P ALIGN="LEFT"><FONT FACE="Verdana" SIZE="12" COLOR="#0B333C" LETTERSPACING="0" KERNING="1">— ¿Y si levantaras a alguien que te ataca?</FONT></P></TEXTFORMAT><TEXTFORMAT LEADING="2"><P ALIGN="LEFT"><FONT FACE="Verdana" SIZE="12" COLOR="#0B333C" LETTERSPACING="0" KERNING="1">— No tengo miedo.</FONT></P></TEXTFORMAT><TEXTFORMAT LEADING="2"><P ALIGN="LEFT"><FONT FACE="Verdana" SIZE="12" COLOR="#0B333C" LETTERSPACING="0" KERNING="1">— ¿Y si te matan?</FONT></P></TEXTFORMAT><TEXTFORMAT LEADING="2"><P ALIGN="LEFT"><FONT FACE="Verdana" SIZE="12" COLOR="#0B333C" LETTERSPACING="0" KERNING="1">— No tengo miedo.</FONT></P></TEXTFORMAT><TEXTFORMAT LEADING="2"><P ALIGN="LEFT"><FONT FACE="Verdana" SIZE="12" COLOR="#0B333C" LETTERSPACING="0" KERNING="1">— ¿No? Permíteme presentarme— dijo entonces la muchacha, que tenía los ojos grandes, límpidos, imaginativos</FONT></P></TEXTFORMAT><TEXTFORMAT LEADING="2"><P ALIGN="LEFT"><FONT FACE="Verdana" SIZE="12" COLOR="#0B333C" LETTERSPACING="0" KERNING="1">y enseguida, conteniendo la risa, fingió una voz cavernosa—. Soy la Muerte, la M-u-e-r-t-e.</FONT></P></TEXTFORMAT><TEXTFORMAT LEADING="2"><P ALIGN="LEFT"><FONT FACE="Verdana" SIZE="12" COLOR="#0B333C" LETTERSPACING="0" KERNING="1">La automovilista sonrió misteriosamente. En la próxima curva el auto se desbarrancó.</FONT></P></TEXTFORMAT><TEXTFORMAT LEADING="2"><P ALIGN="LEFT"><FONT FACE="Verdana" SIZE="12" COLOR="#0B333C" LETTERSPACING="0" KERNING="1">La muchacha murió. La automovilista siguió a pie y al llegar a un cactus desapareció.</FONT></P></TEXTFORMAT><TEXTFORMAT LEADING="2"><P ALIGN="LEFT"><FONT FACE="Verdana" SIZE="12" COLOR="#0B333C" LETTERSPACING="0" KERNING="1"></FONT></P></TEXTFORMAT><TEXTFORMAT LEADING="2"><P ALIGN="LEFT"><FONT FACE="Verdana" SIZE="12" COLOR="#0B333C" LETTERSPACING="0" KERNING="1"></FONT></P></TEXTFORMAT><TEXTFORMAT LEADING="2"><P ALIGN="LEFT"><FONT FACE="Verdana" SIZE="12" COLOR="#0B333C" LETTERSPACING="0" KERNING="1">FUENTE:</FONT></P></TEXTFORMAT><TEXTFORMAT LEADING="2"><P ALIGN="LEFT"><FONT FACE="Verdana" SIZE="12" COLOR="#0B333C" LETTERSPACING="0" KERNING="1">Enrique Anderson Imbert. Disponible en: http://www.ciudadseva.com/textos/cuentos/esp/anderson/muerte.htm</FONT></P></TEXTFORMAT>]]></elemento>
  </pagina>
  <pagina locked="0" id="2b"/>
  <pagina locked="0" id="3">
    <elemento colorFondo="-1" alfaFondo="100" imagen="galeria/fondos/Objetos/[_2_]flores01.jpg" posy="0" posx="0" tipo="fondo" src="10"/>
    <elemento actividad="galeria/actividades/preguntas.swf" alto_px="550" ancho_px="775" alto="100" ancho="100" rotation="0" posy="0" posx="0" tipo="actividad" src="3">
      <actividad id="2" name="actividad">
        <paso1 name="paso1">
          <titulo name="titulo" texto="PREGUNTA 1"/>
          <instrucciones name="instrucciones"><![CDATA[CONTESTA LAS PREGUNTAS DE ACUARDO AL CONTENIDO DEL TEXTO.]]></instrucciones>
          <interacciones name="interacciones" puntuacion="" tiempo="-1" intentos="1"/>
        </paso1>
        <paso2 name="paso2">
          <conf name="conf" respuestas="4" texto="PREGUNTA UNO &#xD;&#xD; EN EL TEXTO SE RELATA"/>
          <respuesta name="respuesta" texto="A. la trágica desaparición de una automovilista joven." correcta="false"/>
          <respuesta name="respuesta" texto="B. el encuentro misterioso de una mujer con la muerte." correcta="true"/>
          <respuesta name="respuesta" texto="C. las distintas maneras como se presenta la muerte." correcta="false"/>
          <respuesta name="respuesta" texto="D. el encuentro de una automovilista con su propia muerte." correcta="false"/>
          <respuesta name="respuesta" texto="" correcta=""/>
          <respuesta name="respuesta" texto="" correcta=""/>
        </paso2>
        <paso3 name="paso3">
          <msgAcierto name="msgAcierto" texto=""/>
          <sndAcierto name="sndAcierto" sonido="galeria/sonidos/Objetos/[_2_]aplausos_02.mp3"/>
          <msgFallo name="msgFallo" texto=""/>
          <sndFallo name="sndFallo" sonido="galeria/sonidos/Objetos/[_2_]incorrecto01.mp3"/>
        </paso3>
      </actividad>
    </elemento>
  </pagina>
  <pagina locked="0" id="3b"/>
  <pagina locked="0" id="4">
    <elemento colorFondo="-1" alfaFondo="100" imagen="galeria/fondos/Objetos/fondos/[_2_]fondo_016.jpg" posy="0" posx="0" tipo="fondo" src="10"/>
    <elemento actividad="galeria/actividades/preguntas.swf" alto_px="550" ancho_px="775" alto="100" ancho="100" rotation="0" posy="-1" posx="-1" tipo="actividad" src="3">
      <actividad id="2" name="actividad">
        <paso1 name="paso1">
          <titulo name="titulo" texto="PREGUNTA DOS"/>
          <instrucciones name="instrucciones"><![CDATA[CONTESTA LA PREGUNTA DE ACUARDO AL TEXTO.]]></instrucciones>
          <interacciones name="interacciones" puntuacion="" tiempo="-1" intentos="1"/>
        </paso1>
        <paso2 name="paso2">
          <conf name="conf" respuestas="4" texto="PREGUNTA DOS&#xD;&#xD;En el relato se intuye que algo grave puede ocurrirle a uno de los personajes. Esto se percibe cuando"/>
          <respuesta name="respuesta" texto="A. la muerte le pide a una mujer que la lleve en su auto." correcta="false"/>
          <respuesta name="respuesta" texto="B. la joven interroga a la automovilista sobre la inseguridad en los caminos." correcta="true"/>
          <respuesta name="respuesta" texto="C. la automovilista descubre que va a ser agredida y se lanza del automóvil." correcta="false"/>
          <respuesta name="respuesta" texto="D. la joven revela su verdadera e insólita identidad." correcta="false"/>
          <respuesta name="respuesta" texto="" correcta=""/>
          <respuesta name="respuesta" texto="" correcta=""/>
        </paso2>
        <paso3 name="paso3">
          <msgAcierto name="msgAcierto" texto=""/>
          <sndAcierto name="sndAcierto" sonido="galeria/sonidos/Objetos/[_2_]aplausos_02.mp3"/>
          <msgFallo name="msgFallo" texto=""/>
          <sndFallo name="sndFallo" sonido="galeria/sonidos/Objetos/[_2_]incorrecto01.mp3"/>
        </paso3>
      </actividad>
    </elemento>
  </pagina>
  <pagina locked="0" id="4b"/>
  <pagina locked="0" id="5">
    <elemento colorFondo="-1" alfaFondo="100" imagen="galeria/fondos/Objetos/fondos/[_2_]libros_fondo.jpg" posy="0" posx="0" tipo="fondo" src="10"/>
    <elemento actividad="galeria/actividades/preguntas.swf" alto_px="550" ancho_px="775" alto="100" ancho="100" rotation="0" posy="0" posx="0" tipo="actividad" src="3">
      <actividad id="2" name="actividad">
        <paso1 name="paso1">
          <titulo name="titulo" texto="PREGUNTA TRES"/>
          <instrucciones name="instrucciones"><![CDATA[CONTESTO LA PREGUNTA DE ACUERDO AL TEXTO.]]></instrucciones>
          <interacciones name="interacciones" puntuacion="" tiempo="-1" intentos="1"/>
        </paso1>
        <paso2 name="paso2">
          <conf name="conf" respuestas="4" texto="PREGUNTA 3 En el relato, la palabra M-u-e-r-t-e aparece entre guiones con el fin de"/>
          <respuesta name="respuesta" texto="A. aclarar que quien habla se encuentra atemorizado." correcta="false"/>
          <respuesta name="respuesta" texto="B. deletrear un término clave y así facilitar su lectura." correcta="false"/>
          <respuesta name="respuesta" texto="C. indicar el tono lento y lúgubre en que se pronuncia." correcta="true"/>
          <respuesta name="respuesta" texto="D. señalar la rapidez con la que el personaje se expresa." correcta="false"/>
          <respuesta name="respuesta" texto="" correcta=""/>
          <respuesta name="respuesta" texto="" correcta=""/>
        </paso2>
        <paso3 name="paso3">
          <msgAcierto name="msgAcierto" texto=""/>
          <sndAcierto name="sndAcierto" sonido="galeria/sonidos/Objetos/[_2_]aplausos_02.mp3"/>
          <msgFallo name="msgFallo" texto=""/>
          <sndFallo name="sndFallo" sonido="galeria/sonidos/Objetos/[_2_]incorrecto01.mp3"/>
        </paso3>
      </actividad>
    </elemento>
  </pagina>
  <pagina locked="0" id="5b"/>
  <pagina locked="0" id="6">
    <elemento colorFondo="-1" alfaFondo="100" imagen="galeria/fondos/Objetos/[_2_]acantilado.jpg" posy="0" posx="0" tipo="fondo" src="10"/>
    <elemento actividad="galeria/actividades/preguntas.swf" alto_px="550" ancho_px="775" alto="100" ancho="100" rotation="0" posy="0" posx="0" tipo="actividad" src="3">
      <actividad id="2" name="actividad">
        <paso1 name="paso1">
          <titulo name="titulo" texto="PREGUNTA 4"/>
          <instrucciones name="instrucciones"><![CDATA[CONTESTA LA PREGUNTA BASÁNDOTE EN EL CONTENIDO DEL TEXTO.]]></instrucciones>
          <interacciones name="interacciones" puntuacion="" tiempo="-1" intentos="1"/>
        </paso1>
        <paso2 name="paso2">
          <conf name="conf" respuestas="4" texto="PREGUNTA 4  Quien relata los hechos"/>
          <respuesta name="respuesta" texto="A. cede en gran parte la palabra a los personajes." correcta="true"/>
          <respuesta name="respuesta" texto="B. interpreta lo que piensan los personajes." correcta="false"/>
          <respuesta name="respuesta" texto="C. resume lo que quiso decir determinado personaje." correcta="false"/>
          <respuesta name="respuesta" texto="D. cuestiona algunas ideas de los personajes." correcta="false"/>
          <respuesta name="respuesta" texto="" correcta=""/>
          <respuesta name="respuesta" texto="" correcta=""/>
        </paso2>
        <paso3 name="paso3">
          <msgAcierto name="msgAcierto" texto=""/>
          <sndAcierto name="sndAcierto" sonido="galeria/sonidos/Objetos/[_2_]aplausos_02.mp3"/>
          <msgFallo name="msgFallo" texto=""/>
          <sndFallo name="sndFallo" sonido="galeria/sonidos/Objetos/[_2_]incorrecto01.mp3"/>
        </paso3>
      </actividad>
    </elemento>
  </pagina>
  <pagina locked="0" id="6b"/>
  <pagina locked="0" id="7">
    <elemento colorFondo="-1" alfaFondo="100" imagen="galeria/fondos/Objetos/[_2_]casa_02.jpg" posy="0" posx="0" tipo="fondo" src="10"/>
    <elemento actividad="galeria/actividades/ahorcado.swf" alto_px="550" ancho_px="775" alto="100" ancho="100" rotation="0" posy="0" posx="0" tipo="actividad" src="3">
      <actividad id="26" name="actividad">
        <paso1 name="paso1">
          <titulo name="titulo" texto="EL AHORCADO"/>
          <instrucciones name="instrucciones"><![CDATA[DESCUBRE LA FRASE OCULTA BASÁNDOTE EN EL TEXTO]]></instrucciones>
          <interacciones name="interacciones" puntuacion="" tiempo="-1" intentos="-1"/>
        </paso1>
        <paso2 name="paso2">
          <conf name="conf"><![CDATA[LA MUCHACHA NO TENIA MIEDO]]></conf>
        </paso2>
        <paso3 name="paso3">
          <msgAcierto name="msgAcierto" texto=""/>
          <sndAcierto name="sndAcierto" sonido="galeria/sonidos/Objetos/[_2_]aplausos_01.mp3"/>
          <msgFallo name="msgFallo" texto=""/>
          <sndFallo name="sndFallo" sonido="galeria/sonidos/Objetos/[_2_]incorrecto03.mp3"/>
        </paso3>
      </actividad>
    </elemento>
  </pagina>
  <pagina locked="0" id="7b"/>
  <pagina locked="0" id="8">
    <elemento colorFondo="-1" alfaFondo="100" imagen="galeria/fondos/Objetos/[_2_]Marte.jpg" posy="0" posx="0" tipo="fondo" src="10"/>
    <elemento actividad="galeria/actividades/rompecabezas.swf" alto_px="550" ancho_px="775" alto="100" ancho="100" rotation="0" posy="-1" posx="-1" tipo="actividad" src="3">
      <actividad id="8" name="actividad">
        <paso1 name="paso1">
          <titulo name="titulo" texto="ARMA LA IMAGEN "/>
          <instrucciones name="instrucciones"><![CDATA[DA CLICK SOBRE LA IMAGEN QUE QUIERES MOVER HASTA ARMAR LA IMAGEN PROPUESTA.]]></instrucciones>
          <interacciones name="interacciones" puntuacion="" tiempo="-1" intentos="-1"/>
        </paso1>
        <paso2 name="paso2">
          <conf name="conf" nImagenes="1" imgFondo=""/>
          <imagen name="imagen" img="galeria/imagenes/imagenes/[_2_]CREP.PNG"/>
          <imagen name="imagen" img=""/>
          <imagen name="imagen" img=""/>
          <imagen name="imagen" img=""/>
          <imagen name="imagen" img=""/>
          <imagen name="imagen" img=""/>
          <dimensiones name="dimensiones" filas="3" columnas="3"/>
        </paso2>
        <paso3 name="paso3">
          <msgAcierto name="msgAcierto" texto=""/>
          <sndAcierto name="sndAcierto" sonido="galeria/sonidos/Objetos/[_2_]aplausos_02.mp3"/>
          <msgFallo name="msgFallo" texto=""/>
          <sndFallo name="sndFallo" sonido="galeria/sonidos/Objetos/[_2_]incorrecto03.mp3"/>
        </paso3>
      </actividad>
    </elemento>
  </pagina>
</fundacion>