<fundacion alto="550" ancho="775" scorm="0">
  <pagina locked="0" id="1">
    <elemento colorFondo="-1" alfaFondo="100" imagen="galeria/fondos/Objetos/fondos/[_2_]fondo_003.jpg" posy="0" posx="0" tipo="fondo" src="10"/>
    <elemento fondo="3368652" borde="vacio" alto_px="98.71" ancho_px="469" alto="100" ancho="100" rotation="0" posy="13" posx="218" tipo="texto" src="2"><![CDATA[<TEXTFORMAT LEADING="2"><P ALIGN="LEFT"><FONT FACE="Verdana" SIZE="36" COLOR="#000000" LETTERSPACING="0" KERNING="1"><B>LLEGANDO A LA META</B><FONT SIZE="12"></FONT></FONT></P></TEXTFORMAT>]]></elemento>
    <elemento fondo="16751052" borde="vacio" alto_px="165.75" ancho_px="452" alto="100" ancho="100" rotation="0" posy="371" posx="242" tipo="texto" src="2"><![CDATA[<TEXTFORMAT LEADING="2"><P ALIGN="LEFT"><FONT FACE="Verdana" SIZE="24" COLOR="#0B333C" LETTERSPACING="0" KERNING="1"><B>HE REALIZADO UN GRAN TRABAJO. </B></FONT></P></TEXTFORMAT><TEXTFORMAT LEADING="2"><P ALIGN="LEFT"><FONT FACE="Verdana" SIZE="24" COLOR="#0B333C" LETTERSPACING="0" KERNING="1"><B>PARA TERMINAR SOLUCIONO MIS ÚLTIMAS ACTIVIDADES.</B></FONT></P></TEXTFORMAT>]]></elemento>
    <elemento imagen="galeria/imagenes/imagenes/[_2_]1427717935_internet-konferentsiya.jpg" alto_px="479" ancho_px="598" alto="51.42" ancho="62.05" rotation="0" posy="120" posx="274" tipo="imagen" src="1"/>
  </pagina>
  <pagina locked="0" id="1b"/>
  <pagina locked="0" id="2">
    <elemento colorFondo="-1" alfaFondo="100" imagen="galeria/fondos/Objetos/fondos/[_2_]fondo_008.jpg" posy="0" posx="0" tipo="fondo" src="10"/>
    <elemento imagen="galeria/imagenes/imagenes/[_2_]pruebas-por-competencias-12-728.jpg" alto_px="546" ancho_px="728" alto="88.35" ancho="79.27" rotation="0" posy="-6" posx="176" tipo="imagen" src="1"/>
  </pagina>
  <pagina locked="0" id="2b"/>
  <pagina locked="0" id="3">
    <elemento colorFondo="-1" alfaFondo="100" imagen="galeria/fondos/Objetos/fondos/[_2_]fondo_001.jpg" posy="0" posx="0" tipo="fondo" src="10"/>
    <elemento actividad="galeria/actividades/completa.swf" alto_px="550" ancho_px="775" alto="100" ancho="100" rotation="0" posy="0" posx="0" tipo="actividad" src="3">
      <actividad id="5" name="actividad">
        <paso1 name="paso1">
          <titulo name="titulo" texto="¿QUÉ APRENDÍ?"/>
          <instrucciones name="instrucciones"><![CDATA[COMPLETO LAS PALABRAS DE ACUERDO A LO APRENDIDO A LO LARGO DE LA ESTRATEGIA]]></instrucciones>
          <interacciones name="interacciones" puntuacion="" tiempo="-1" intentos="-1"/>
        </paso1>
        <paso2 name="paso2">
          <conf name="conf" texto="Para poder realizar una lectura productiva, debo haber desarrollado las {tres} competencias lectoras: {interpretativa} argumentativa y {propositiva}. En la competencia {interpretativa} puedo comprender la informaciónde cualquier texto. En la {competencia} argumentativa, yo puedo {explicar} y justificar la información de un texto. En la competencia {propositiva} estoy en cpacidad de producir y {crear} textos."/>
        </paso2>
        <paso3 name="paso3">
          <msgAcierto name="msgAcierto" texto=""/>
          <sndAcierto name="sndAcierto" sonido="galeria/sonidos/Objetos/[_2_]aplausos_02.mp3"/>
          <msgFallo name="msgFallo" texto=""/>
          <sndFallo name="sndFallo" sonido="galeria/sonidos/Objetos/[_2_]incorrecto01.mp3"/>
        </paso3>
      </actividad>
    </elemento>
  </pagina>
  <pagina locked="0" id="3b"/>
  <pagina locked="0" id="4">
    <elemento colorFondo="-1" alfaFondo="100" imagen="galeria/fondos/Objetos/fondos/[_2_]fondo_009.jpg" posy="0" posx="0" tipo="fondo" src="10"/>
    <elemento imagen="galeria/imagenes/imagenes/[_2_]NIVELES DE COMPRENSION.jpg" alto_px="465" ancho_px="667" alto="100" ancho="100" rotation="0" posy="5" posx="47" tipo="imagen" src="1"/>
  </pagina>
  <pagina locked="0" id="4b"/>
  <pagina locked="0" id="5">
    <elemento colorFondo="-1" alfaFondo="100" imagen="galeria/fondos/Objetos/fondos/[_2_]fondo_016.jpg" posy="0" posx="0" tipo="fondo" src="10"/>
    <elemento actividad="galeria/actividades/emparejar.swf" alto_px="550" ancho_px="775" alto="100" ancho="100" rotation="0" posy="0" posx="0" tipo="actividad" src="3">
      <actividad id="6" name="actividad">
        <paso1 name="paso1">
          <titulo name="titulo" texto="RELACIONO "/>
          <instrucciones name="instrucciones"><![CDATA[RELACIONO LA IMAGEN CON EL TEXTO AL QUE CORRESPONDE.]]></instrucciones>
          <interacciones name="interacciones" puntuacion="" tiempo="50" intentos="-1"/>
        </paso1>
        <paso2 name="paso2">
          <conf name="conf" nParejas="3"/>
          <pareja name="pareja" imagen="galeria/imagenes/imagenes/[_2_]CRITICO.PNG" texto="NIVEL CRÍTICO"/>
          <pareja name="pareja" imagen="galeria/imagenes/imagenes/[_2_]INFERENCIAL.PNG" texto="NIVEL INFERENCIAL"/>
          <pareja name="pareja" imagen="galeria/imagenes/imagenes/[_2_]LITERAL.PNG" texto="NIVEL LITERAL"/>
          <pareja name="pareja" imagen="" texto=""/>
          <pareja name="pareja" imagen="" texto=""/>
        </paso2>
        <paso3 name="paso3">
          <msgAcierto name="msgAcierto" texto=""/>
          <sndAcierto name="sndAcierto" sonido="galeria/sonidos/Objetos/[_2_]aplausos_02.mp3"/>
          <msgFallo name="msgFallo" texto=""/>
          <sndFallo name="sndFallo" sonido="galeria/sonidos/Objetos/[_2_]incorrecto01.mp3"/>
        </paso3>
      </actividad>
    </elemento>
  </pagina>
  <pagina locked="0" id="5b"/>
  <pagina locked="0" id="6">
    <elemento colorFondo="-1" alfaFondo="100" imagen="galeria/fondos/Objetos/fondos/[_2_]fondo_009.jpg" posy="0" posx="0" tipo="fondo" src="10"/>
    <elemento actividad="galeria/actividades/ahorcado.swf" alto_px="550" ancho_px="775" alto="100" ancho="100" rotation="0" posy="-1" posx="-1" tipo="actividad" src="3">
      <actividad id="26" name="actividad">
        <paso1 name="paso1">
          <titulo name="titulo" texto="LO QUE SE DESCUBRE"/>
          <instrucciones name="instrucciones"><![CDATA[ENCUENTRO LA FRASE RELACIONADA CON EL TEMA]]></instrucciones>
          <interacciones name="interacciones" puntuacion="" tiempo="-1" intentos="-1"/>
        </paso1>
        <paso2 name="paso2">
          <conf name="conf"><![CDATA[APRENDER A LEER ES DESCUBRIR NUEVOS MUNDOS]]></conf>
        </paso2>
        <paso3 name="paso3">
          <msgAcierto name="msgAcierto" texto=""/>
          <sndAcierto name="sndAcierto" sonido="galeria/sonidos/Objetos/[_2_]aplausos_01.mp3"/>
          <msgFallo name="msgFallo" texto=""/>
          <sndFallo name="sndFallo" sonido="galeria/sonidos/Objetos/[_2_]no_mujer.mp3"/>
        </paso3>
      </actividad>
    </elemento>
  </pagina>
  <pagina locked="0" id="6b"/>
  <pagina locked="0" id="7">
    <elemento colorFondo="-1" alfaFondo="100" imagen="galeria/fondos/imagenes/[_2_]teenagers-cartoon.jpg" posy="0" posx="0" tipo="fondo" src="10"/>
    <elemento fondo="6724044" borde="vacio" alto_px="172.35" ancho_px="458" alto="100" ancho="100" rotation="0" posy="321" posx="180" tipo="texto" src="2"><![CDATA[<TEXTFORMAT LEADING="2"><P ALIGN="LEFT"><FONT FACE="Verdana" SIZE="48" COLOR="#0B333C" LETTERSPACING="0" KERNING="1">GRACIAS POR TU PARTICIPACIÓN<FONT SIZE="12"> </FONT> :)</FONT></P></TEXTFORMAT>]]></elemento>
  </pagina>
</fundacion>